tool_name,describe_before_local,describe_before_remote,describe_after
cex_account_add_stp_group_users,Add users to an STP group (requires authentication),,[W] Add users to an STP group. Requires auth. State-changing.
cex_account_create_stp_group,Create a Self-Trade Prevention (STP) group (requires authentication),,[W] Create a Self-Trade Prevention (STP) group. Requires auth. State-changing.
cex_account_delete_stp_group_users,Remove a user from an STP group (requires authentication),,[W] Remove a user from an STP group. Requires auth. State-changing.
cex_account_get_account_detail,Get account profile and configuration (requires authentication),,[R] Get account profile and configuration. Requires auth.
cex_account_get_account_main_keys,Get main account API key info (requires authentication),,[R] Get main account API key info. Requires auth.
cex_account_get_account_rate_limit,Get account API rate limit information (requires authentication),,[R] Get account API rate limit information. Requires auth.
cex_account_get_debit_fee,Get debit fee configuration (requires authentication),,[R] Get debit fee configuration. Requires auth.
cex_account_list_stp_groups,List Self-Trade Prevention (STP) groups (requires authentication),,[R] List Self-Trade Prevention (STP) groups. Requires auth.
cex_account_list_stp_groups_users,List users in an STP group (requires authentication),,[R] List users in an STP group. Requires auth.
cex_account_set_debit_fee,Enable or disable GT debit fee (requires authentication),,[W] Enable or disable GT debit fee. Requires auth. State-changing.
cex_activity_get_my_activity_entry,Get current user activity entry and participation status (requires authentication),,[R] Get current user activity entry and participation status. Requires auth.
cex_activity_list_activities,List available activities with optional filters,,[R] List available activities with optional filters.
cex_activity_list_activity_types,List all available activity types,,[R] List all available activity types.
cex_alpha_get_alpha_order,Get details of an Alpha order by ID (requires authentication),,[R] Get details of an Alpha order by ID. Requires auth.
cex_alpha_list_alpha_account_book,List Alpha account transaction history (requires authentication),,[R] List Alpha account transaction history. Requires auth.
cex_alpha_list_alpha_accounts,List Alpha account balances (requires authentication),,[R] List Alpha account balances. Requires auth.
cex_alpha_list_alpha_currencies,List currencies available on the Alpha trading platform,,[R] List currencies available on the Alpha trading platform.
cex_alpha_list_alpha_orders,List Alpha orders (requires authentication),,[R] List Alpha orders. Requires auth.
cex_alpha_list_alpha_tickers,List tickers for Alpha trading pairs,,[R] List tickers for Alpha trading pairs.
cex_alpha_list_alpha_tokens,List tokens available on the Alpha platform,,[R] List tokens available on the Alpha platform.
cex_alpha_place_alpha_order,Place an Alpha order (requires authentication) — always confirm order details with the user before calling this tool,,[W] Place an Alpha order. Requires auth. State-changing.
cex_alpha_quote_alpha_order,Get a price quote for an Alpha order (requires authentication),,[W] Get a price quote for an Alpha order. Requires auth. State-changing.
cex_coupon_get_user_coupon_detail,Get detail of a specific user coupon (requires authentication),,[R] Get detail of a specific user coupon. Requires auth.
cex_coupon_list_user_coupons,List user coupons with optional filters (requires authentication),,[R] List user coupons with optional filters. Requires auth.
cex_cross_ex_cancel_crossex_order,Cancel a CrossEx order (requires authentication) — always confirm with the user before calling this tool,,[W] Cancel a CrossEx order. Requires auth. State-changing.
cex_cross_ex_close_crossex_position,Close a CrossEx position (requires authentication) — always confirm with the user before calling this tool,,[W] Close a CrossEx position. Requires auth. State-changing.
cex_cross_ex_create_crossex_convert_order,Execute a CrossEx conversion order using a quote (requires authentication) — always confirm with the user before calling this tool,,[W] Execute a CrossEx conversion order using a quote. Requires auth. State-changing.
cex_cross_ex_create_crossex_convert_quote,Get a conversion quote for CrossEx (requires authentication),,[W] Get a conversion quote for CrossEx. Requires auth. State-changing.
cex_cross_ex_create_crossex_order,Create a CrossEx order (requires authentication) — always confirm the details with the user before calling this tool,,[W] Create a CrossEx order. Requires auth. State-changing.
cex_cross_ex_create_crossex_transfer,Create a CrossEx transfer (requires authentication) — always confirm with the user before calling this tool,,[W] Create a CrossEx transfer. Requires auth. State-changing.
cex_cross_ex_get_crossex_account,Get CrossEx account information (requires authentication),,[R] Get CrossEx account information. Requires auth.
cex_cross_ex_get_crossex_fee,Get CrossEx trading fee information (public),,[R] Get CrossEx trading fee information (public).
cex_cross_ex_get_crossex_interest_rate,Get CrossEx interest rates (public),,[R] Get CrossEx interest rates (public).
cex_cross_ex_get_crossex_margin_positions_leverage,Get leverage settings for CrossEx margin positions (requires authentication),,[R] Get leverage settings for CrossEx margin positions. Requires auth.
cex_cross_ex_get_crossex_order,Get details of a CrossEx order (requires authentication),,[R] Get details of a CrossEx order. Requires auth.
cex_cross_ex_get_crossex_positions_leverage,Get leverage settings for CrossEx positions (requires authentication),,[R] Get leverage settings for CrossEx positions. Requires auth.
cex_cross_ex_list_crossex_account_book,List CrossEx account ledger/book entries (requires authentication),,[R] List CrossEx account ledger/book entries. Requires auth.
cex_cross_ex_list_crossex_adl_rank,List CrossEx auto-deleverage ranks for a symbol (requires authentication),,[R] List CrossEx auto-deleverage ranks for a symbol. Requires auth.
cex_cross_ex_list_crossex_coin_discount_rate,List CrossEx coin discount rates (public),,[R] List CrossEx coin discount rates (public).
cex_cross_ex_list_crossex_history_margin_interests,List CrossEx margin interest history (requires authentication),,[R] List CrossEx margin interest history. Requires auth.
cex_cross_ex_list_crossex_history_margin_positions,List CrossEx margin position history (requires authentication),,[R] List CrossEx margin position history. Requires auth.
cex_cross_ex_list_crossex_history_orders,List CrossEx order history (requires authentication),,[R] List CrossEx order history. Requires auth.
cex_cross_ex_list_crossex_history_positions,List CrossEx position history (requires authentication),,[R] List CrossEx position history. Requires auth.
cex_cross_ex_list_crossex_history_trades,List CrossEx trade history (requires authentication),,[R] List CrossEx trade history. Requires auth.
cex_cross_ex_list_crossex_margin_positions,List open CrossEx margin positions (requires authentication),,[R] List open CrossEx margin positions. Requires auth.
cex_cross_ex_list_crossex_open_orders,List open CrossEx orders (requires authentication),,[R] List open CrossEx orders. Requires auth.
cex_cross_ex_list_crossex_positions,List open CrossEx positions (requires authentication),,[R] List open CrossEx positions. Requires auth.
cex_cross_ex_list_crossex_rule_risk_limits,List CrossEx rule risk limits for a symbol (public),,[R] List CrossEx rule risk limits for a symbol (public).
cex_cross_ex_list_crossex_rule_symbols,List CrossEx rule symbols (public),,[R] List CrossEx rule symbols (public).
cex_cross_ex_list_crossex_transfer_coins,List coins available for CrossEx transfer (public),,[R] List coins available for CrossEx transfer (public).
cex_cross_ex_list_crossex_transfers,List CrossEx transfer history (requires authentication),,[R] List CrossEx transfer history. Requires auth.
cex_cross_ex_update_crossex_account,Update CrossEx account settings (requires authentication),,[W] Update CrossEx account settings. Requires auth. State-changing.
cex_cross_ex_update_crossex_margin_positions_leverage,Update leverage for CrossEx margin positions (requires authentication),,[W] Update leverage for CrossEx margin positions. Requires auth. State-changing.
cex_cross_ex_update_crossex_order,Update an open CrossEx order (requires authentication) — always confirm with the user before calling this tool,,[W] Update an open CrossEx order. Requires auth. State-changing.
cex_cross_ex_update_crossex_positions_leverage,Update leverage for CrossEx positions (requires authentication),,[W] Update leverage for CrossEx positions. Requires auth. State-changing.
cex_delivery_cancel_delivery_order,Cancel a delivery order (requires authentication) — always confirm with the user before calling this tool,,[W] Cancel a delivery order. Requires auth. State-changing.
cex_delivery_cancel_delivery_orders,Cancel all open delivery orders for a contract (requires authentication),,[W] Cancel all open delivery orders for a contract. Requires auth. State-changing.
cex_delivery_cancel_price_triggered_delivery_order,Cancel a single delivery price-triggered order (requires authentication),,[W] Cancel a single delivery price-triggered order. Requires auth. State-changing.
cex_delivery_cancel_price_triggered_delivery_order_list,Cancel all delivery price-triggered orders for a contract (requires authentication),,[W] Cancel all delivery price-triggered orders for a contract. Requires auth. State-changing.
cex_delivery_create_delivery_order,Create a delivery order (requires authentication) — always confirm the details with the user before calling this tool,,[W] Create a delivery order. Requires auth. State-changing.
cex_delivery_create_price_triggered_delivery_order,Create a delivery price-triggered order (requires authentication) — always confirm details with the user before calling,,[W] Create a delivery price-triggered order. Requires auth. State-changing.
cex_delivery_get_delivery_contract,Get a single delivery contract,,[R] Get a single delivery contract.
cex_delivery_get_delivery_order,Get a single delivery order (requires authentication),,[R] Get a single delivery order. Requires auth.
cex_delivery_get_delivery_position,Get a single delivery position (requires authentication),,[R] Get a single delivery position. Requires auth.
cex_delivery_get_my_delivery_trades,Get personal delivery trading history (requires authentication),,[R] Get personal delivery trading history. Requires auth.
cex_delivery_get_price_triggered_delivery_order,Get a single delivery price-triggered order (requires authentication),,[R] Get a single delivery price-triggered order. Requires auth.
cex_delivery_list_delivery_account_book,Get delivery account book / fund flow records (requires authentication),,[R] Get delivery account book / fund flow records. Requires auth.
cex_delivery_list_delivery_accounts,Get delivery account balance (requires authentication),,[R] Get delivery account balance. Requires auth.
cex_delivery_list_delivery_candlesticks,Get delivery contract candlestick data,,[R] Get delivery contract candlestick data.
cex_delivery_list_delivery_contracts,List all delivery (expiring futures) contracts,,[R] List all delivery (expiring futures) contracts.
cex_delivery_list_delivery_insurance_ledger,Get delivery insurance fund history,,[R] Get delivery insurance fund history.
cex_delivery_list_delivery_liquidates,List delivery liquidation history (requires authentication),,[R] List delivery liquidation history. Requires auth.
cex_delivery_list_delivery_order_book,Get delivery contract order book,,[R] Get delivery contract order book.
cex_delivery_list_delivery_orders,List delivery orders (requires authentication),,[R] List delivery orders. Requires auth.
cex_delivery_list_delivery_position_close,List delivery position close history (requires authentication),,[R] List delivery position close history. Requires auth.
cex_delivery_list_delivery_positions,List delivery positions (requires authentication),,[R] List delivery positions. Requires auth.
cex_delivery_list_delivery_risk_limit_tiers,List delivery contract risk limit tiers,,[R] List delivery contract risk limit tiers.
cex_delivery_list_delivery_settlements,List delivery settlement history (requires authentication),,[R] List delivery settlement history. Requires auth.
cex_delivery_list_delivery_tickers,Get delivery contract tickers,,[R] Get delivery contract tickers.
cex_delivery_list_delivery_trades,List delivery contract public trade history,,[R] List delivery contract public trade history.
cex_delivery_list_price_triggered_delivery_orders,List delivery price-triggered orders (requires authentication),,[R] List delivery price-triggered orders. Requires auth.
cex_delivery_update_delivery_position_leverage,Update delivery position leverage (requires authentication),,[W] Update delivery position leverage. Requires auth. State-changing.
cex_delivery_update_delivery_position_margin,Update delivery position margin (requires authentication),,[W] Update delivery position margin. Requires auth. State-changing.
cex_delivery_update_delivery_position_risk_limit,Update delivery position risk limit (requires authentication),,[W] Update delivery position risk limit. Requires auth. State-changing.
cex_earn_add_position_auto_invest_plan,Add position to an auto invest plan (requires authentication) — always confirm the details with the user before calling this tool,,[W] Add position to an auto invest plan. Requires auth. State-changing.
cex_earn_asset_list,List staking assets (requires authentication),,[R] List staking assets. Requires auth.
cex_earn_award_list,List staking awards (requires authentication),,[R] List staking awards. Requires auth.
cex_earn_change_uni_lend,Modify a Simple Earn lending order (requires authentication),,[W] Modify a Simple Earn lending order. Requires auth. State-changing.
cex_earn_create_auto_invest_plan,Create an auto invest plan (requires authentication) — always confirm the details with the user before calling this tool,,[W] Create an auto invest plan. Requires auth. State-changing.
cex_earn_create_earn_fixed_term_lend,Create a fixed-term earn lend order (requires authentication),,[W] Create a fixed-term earn lend order. Requires auth. State-changing.
cex_earn_create_earn_fixed_term_pre_redeem,Pre-redeem a fixed-term earn order (requires authentication),,[W] Pre-redeem a fixed-term earn order. Requires auth. State-changing.
cex_earn_create_uni_lend,Create a Simple Earn lending order (requires authentication),,[W] Create a Simple Earn lending order. Requires auth. State-changing.
cex_earn_find_coin,Search for staking coins,,[R] Search for staking coins.
cex_earn_get_auto_invest_min_amount,Get minimum investment amount for an auto invest plan,,[R] Get minimum investment amount for an auto invest plan.
cex_earn_get_auto_invest_plan_detail,Get details of an auto invest plan (requires authentication),,[R] Get details of an auto invest plan. Requires auth.
cex_earn_get_uni_currency,Get details of a Simple Earn lending currency,,[R] Get details of a Simple Earn lending currency.
cex_earn_get_uni_interest,Get Simple Earn interest for a currency (requires authentication),,[R] Get Simple Earn interest for a currency. Requires auth.
cex_earn_get_uni_interest_status,Get Simple Earn interest reinvestment status for a currency (requires authentication),,[R] Get Simple Earn interest reinvestment status for a currency. Requires auth.
cex_earn_list_auto_invest_coins,List coins available for auto invest plans,,[R] List coins available for auto invest plans.
cex_earn_list_auto_invest_config,Get auto invest configuration,,[R] Get auto invest configuration.
cex_earn_list_auto_invest_orders,List auto invest orders for a plan record (requires authentication),,[R] List auto invest orders for a plan record. Requires auth.
cex_earn_list_auto_invest_plan_records,List auto invest plan execution records (requires authentication),,[R] List auto invest plan execution records. Requires auth.
cex_earn_list_auto_invest_plans,List auto invest plans (requires authentication),,[R] List auto invest plans. Requires auth.
cex_earn_list_dual_balance,Get dual investment balance (requires authentication),,[R] Get dual investment balance. Requires auth.
cex_earn_list_dual_investment_plans,List dual investment plans,,[R] List dual investment plans.
cex_earn_list_dual_orders,List dual investment orders (requires authentication),,[R] List dual investment orders. Requires auth.
cex_earn_list_earn_fixed_term_history,List fixed-term earn order history (requires authentication),,[R] List fixed-term earn order history. Requires auth.
cex_earn_list_earn_fixed_term_lends,List fixed-term earn lend orders (requires authentication),,[R] List fixed-term earn lend orders. Requires auth.
cex_earn_list_earn_fixed_term_products,List fixed-term earn products,,[R] List fixed-term earn products.
cex_earn_list_earn_fixed_term_products_by_asset,List fixed-term earn products for a specific asset,,[R] List fixed-term earn products for a specific asset.
cex_earn_list_uni_chart,Get Simple Earn lending rate chart data (requires authentication),,[R] Get Simple Earn lending rate chart data. Requires auth.
cex_earn_list_uni_currencies,List currencies available for Simple Earn lending,,[R] List currencies available for Simple Earn lending.
cex_earn_list_uni_interest_records,List Simple Earn interest history (requires authentication),,[R] List Simple Earn interest history. Requires auth.
cex_earn_list_uni_lend_records,List Simple Earn lending history (requires authentication),,[R] List Simple Earn lending history. Requires auth.
cex_earn_list_uni_rate,Get Simple Earn current lending rates for all currencies (requires authentication),,[R] Get Simple Earn current lending rates for all currencies. Requires auth.
cex_earn_list_user_uni_lends,List user Simple Earn lending records (requires authentication),,[R] List user Simple Earn lending records. Requires auth.
cex_earn_order_list,List staking orders (requires authentication),,[R] List staking orders. Requires auth.
cex_earn_place_dual_order,Place a dual investment order (requires authentication),,[W] Place a dual investment order. Requires auth. State-changing.
cex_earn_stop_auto_invest_plan,Stop an auto invest plan (requires authentication) — always confirm with the user before calling this tool,,[W] Stop an auto invest plan. Requires auth. State-changing.
cex_earn_swap_staking_coin,Swap staking coins (requires authentication),,[W] Swap staking coins. Requires auth. State-changing.
cex_earn_update_auto_invest_plan,Update an auto invest plan (requires authentication) — always confirm the changes with the user before calling this tool,,[W] Update an auto invest plan. Requires auth. State-changing.
cex_flash_swap_create_flash_swap_multi_currency_many_to_one_order,Create a multi-currency many-to-one flash swap order (requires authentication),,[W] Create a multi-currency many-to-one flash swap order. Requires auth. State-changing.
cex_flash_swap_create_flash_swap_multi_currency_one_to_many_order,Create a multi-currency one-to-many flash swap order (requires authentication),,[W] Create a multi-currency one-to-many flash swap order. Requires auth. State-changing.
cex_flash_swap_create_flash_swap_order,Create a single-currency flash swap order (requires authentication),,[W] Create a single-currency flash swap order. Requires auth. State-changing.
cex_flash_swap_create_flash_swap_order_v1,"Create a flash swap order (V1 endpoint, requires authentication)",,[W] Place a flash swap order. Requires auth. State-changing. New endpoint → create_flash_swap_order.
cex_flash_swap_get_flash_swap_order,Get details of a flash swap order (requires authentication),,[R] Get details of a flash swap order. Requires auth.
cex_flash_swap_list_flash_swap_currency_pairs,List all supported flash swap currency pairs,,[R] List all supported flash swap currency pairs.
cex_flash_swap_list_flash_swap_orders,List flash swap order history (requires authentication),,[R] List flash swap order history. Requires auth.
cex_flash_swap_preview_flash_swap_multi_currency_many_to_one_order,Preview a multi-currency many-to-one flash swap order,,[R] Preview a multi-currency many-to-one flash swap order.
cex_flash_swap_preview_flash_swap_multi_currency_one_to_many_order,Preview a multi-currency one-to-many flash swap order,,[R] Preview a multi-currency one-to-many flash swap order.
cex_flash_swap_preview_flash_swap_order_v1,Preview a flash swap order (V1 endpoint),,[R] Preview flash swap order quote. New endpoint → preview_flash_swap_order.
cex_futures_amend_futures_batch_orders,Amend multiple futures orders in a single request (requires authentication) — always confirm the new values with the user before calling this tool,,[W] Amend multiple futures orders in a single request. Requires auth. State-changing. Single → amend_futures_order.
cex_futures_amend_futures_order,Amend an open futures order (requires authentication) — always confirm the new values with the user before calling this tool,,[W] Amend an open futures order. Requires auth. State-changing.
cex_futures_cancel_all_futures_orders,Cancel all open futures orders (requires authentication) — always confirm with the user before calling this tool,,[W] Cancel all open futures orders. Requires auth. State-changing.
cex_futures_cancel_futures_batch_orders,Cancel multiple futures orders by ID in a single request (requires authentication) — always confirm with the user before calling this tool,,[W] Cancel multiple futures orders by ID in a single request. Requires auth. State-changing. Single → cancel_futures_order.
cex_futures_cancel_futures_order,Cancel a futures order (requires authentication) — always confirm with the user before calling this tool,,[W] Cancel a futures order. Requires auth. State-changing.
cex_futures_cancel_futures_price_triggered_order,Cancel a single futures price-triggered order (requires authentication) — always confirm with the user before calling this tool,,[W] Cancel a single futures price-triggered order. Requires auth. State-changing.
cex_futures_cancel_futures_price_triggered_order_list,Cancel all futures price-triggered orders (requires authentication) — always confirm with the user before calling this tool,,[W] Cancel all futures price-triggered orders. Requires auth. State-changing.
cex_futures_countdown_cancel_all_futures,"Set a countdown timer to cancel all futures orders (safety kill-switch, requires authentication)",,"[W] Set a countdown timer to cancel all futures orders (safety kill-switch, Requires auth). State-changing."
cex_futures_create_futures_batch_orders,Create multiple futures orders in a single request (requires authentication) — always confirm the details with the user before calling this tool,,[W] Create multiple futures orders in a single request. Requires auth. State-changing. Single → create_futures_order.
cex_futures_create_futures_bbo_order,Create a Best-Bid/Offer futures order (requires authentication) — always confirm details with the user before calling this tool,,[W] Create a BBO futures order. Requires auth. State-changing.
cex_futures_create_futures_order,Create a futures order (requires authentication) — always confirm the details with the user before calling this tool,,[W] Create a futures order. Requires auth. State-changing.
cex_futures_create_futures_price_triggered_order,Create a futures price-triggered order (requires authentication) — always confirm the details with the user before calling this tool,,[W] Create a futures price-triggered order. Requires auth. State-changing.
cex_futures_create_trail_order,Create a trailing stop order (requires authentication) — always confirm details with the user before calling this tool,,[W] Create a trailing stop order. Requires auth. State-changing.
cex_futures_get_futures_accounts,Get futures account balances (requires authentication),,[R] Get futures account balances. Requires auth.
cex_futures_get_futures_candlesticks,Get futures candlestick/OHLCV data,,[R] Get futures candlestick/OHLCV data.
cex_futures_get_futures_contract,Get details of a single futures contract,,[R] Get details of a single futures contract.
cex_futures_get_futures_dual_mode_position,Get dual-mode positions for a contract (requires authentication),,[R] Get dual-mode positions for a contract. Requires auth.
cex_futures_get_futures_fee,Get futures trading fee rates (requires authentication),,[R] Get futures trading fee rates. Requires auth.
cex_futures_get_futures_funding_rate,Get funding rate history for a futures contract,,[R] Get funding rate history for a futures contract.
cex_futures_get_futures_my_trades_timerange,Get personal futures trade history filtered by time range (requires authentication),,[R] Get personal futures trade history filtered by time range. Requires auth.
cex_futures_get_futures_order,Get a futures order by ID (requires authentication),,[R] Get a futures order by ID. Requires auth.
cex_futures_get_futures_order_book,Get futures order book,,[R] Get futures order book.
cex_futures_get_futures_orders_with_time_range,Get futures orders filtered by time range (requires authentication),,[R] Get futures orders filtered by time range. Requires auth.
cex_futures_get_futures_position,Get a single futures position (requires authentication),,[R] Get a single futures position. Requires auth.
cex_futures_get_futures_premium_index,Get premium index (mark price minus index price) history for a contract,,[R] Get premium index (mark price minus index price) history for a contract.
cex_futures_get_futures_price_triggered_order,Get details of a futures price-triggered order (requires authentication),,[R] Get details of a futures price-triggered order. Requires auth.
cex_futures_get_futures_risk_limit_table,Get a specific risk limit tier table by table ID (requires authentication),,[R] Get a specific risk limit tier table by table ID. Requires auth.
cex_futures_get_futures_tickers,Get ticker information for futures contracts,,[R] Get ticker information for futures contracts.
cex_futures_get_futures_trades,Get recent public trades for a futures contract,,[R] Get recent public trades for a futures contract.
cex_futures_get_index_constituents,Get constituent assets and weights for a futures index,,[R] Get constituent assets and weights for a futures index.
cex_futures_get_leverage,Get current leverage for a futures position (requires authentication),,[R] Get current leverage for a futures position. Requires auth.
cex_futures_get_trail_order_change_log,Get change log for a trail order (requires authentication),,[R] Get change log for a trail order. Requires auth.
cex_futures_get_trail_order_detail,Get details of a single trail order (requires authentication),,[R] Get details of a single trail order. Requires auth.
cex_futures_get_trail_orders,List trail orders (requires authentication),,[R] List trail orders. Requires auth.
cex_futures_list_auto_deleverages,Get personal auto-deleverage history (requires authentication),,[R] Get personal auto-deleverage history. Requires auth.
cex_futures_list_batch_futures_funding_rates,Get current funding rates for multiple contracts in one request,,[R] Get current funding rates for multiple contracts in one request.
cex_futures_list_contract_stats,"Get contract statistics (open interest, long/short ratio, etc.)",,"[R] Get contract statistics (open interest, long/short ratio, etc.)."
cex_futures_list_futures_account_book,Get futures account transaction/ledger history (requires authentication),,[R] Get futures account transaction/ledger history. Requires auth.
cex_futures_list_futures_contracts,List all perpetual futures contracts,,[R] List all perpetual futures contracts.
cex_futures_list_futures_insurance_ledger,Get futures insurance fund history,,[R] Get futures insurance fund history.
cex_futures_list_futures_liq_orders,Get personal futures liquidation history (requires authentication),,[R] Get personal futures liquidation history. Requires auth.
cex_futures_list_futures_my_trades,Get personal futures trading history (requires authentication),,[R] Get personal futures trading history. Requires auth.
cex_futures_list_futures_orders,List futures orders (requires authentication),,[R] List futures orders. Requires auth.
cex_futures_list_futures_positions,List all open futures positions (requires authentication),,[R] List all open futures positions. Requires auth.
cex_futures_list_futures_risk_limit_tiers,Get risk limit tiers for a futures contract,,[R] Get risk limit tiers for a futures contract.
cex_futures_list_liquidated_orders,Get public market-wide liquidation order history,,[R] Get public market-wide liquidation order history.
cex_futures_list_position_close,List position close history (requires authentication),,[R] List position close history. Requires auth.
cex_futures_list_positions_timerange,Get position history for a contract filtered by time range (requires authentication),,[R] Get position history for a contract filtered by time range. Requires auth.
cex_futures_list_price_triggered_orders,List futures price-triggered orders (requires authentication),,[R] List futures price-triggered orders. Requires auth.
cex_futures_set_futures_dual_mode,Enable or disable dual-mode (hedge mode) for a futures account (requires authentication),,[W] Enable or disable dual-mode (hedge mode) for a futures account. Requires auth. State-changing.
cex_futures_set_position_mode,Set account-level position mode (requires authentication),,[W] Set account-level position mode. Requires auth. State-changing.
cex_futures_stop_all_trail_orders,Stop all trail orders (requires authentication) — always confirm with the user before calling this tool,,[W] Stop all trail orders. Requires auth. State-changing.
cex_futures_stop_trail_order,Stop a specific trail order (requires authentication) — always confirm with the user before calling this tool,,[W] Stop a specific trail order. Requires auth. State-changing.
cex_futures_update_futures_contract_position_leverage,Update position leverage with explicit margin mode (requires authentication) — always confirm with the user before calling this tool,,[W] Update position leverage with explicit margin mode. Requires auth. State-changing.
cex_futures_update_futures_dual_comp_position_cross_mode,Switch a dual-mode position between isolated and cross margin (requires authentication),,[W] Switch a dual-mode position between isolated and cross margin. Requires auth. State-changing. Single-mode → update_futures_position_cross_mode.
cex_futures_update_futures_dual_mode_position_leverage,Update leverage for a dual-mode position (requires authentication) — always confirm the new leverage with the user before calling this tool,,[W] Update leverage for a dual-mode position. Requires auth. State-changing.
cex_futures_update_futures_dual_mode_position_margin,Add or reduce margin for a dual-mode position (requires authentication) — always confirm the amount with the user before calling this tool,,[W] Add or reduce margin for a dual-mode position. Requires auth. State-changing.
cex_futures_update_futures_dual_mode_position_risk_limit,Update the risk limit for a dual-mode position (requires authentication),,[W] Update the risk limit for a dual-mode position. Requires auth. State-changing.
cex_futures_update_futures_position_cross_mode,Switch a single-mode position between isolated and cross margin (requires authentication),,[W] Switch a single-mode position between isolated and cross margin. Requires auth. State-changing.
cex_futures_update_futures_position_leverage,Update leverage for a futures position (requires authentication) — always confirm the new leverage with the user before calling this tool,,[W] Update leverage for a futures position. Requires auth. State-changing.
cex_futures_update_futures_position_margin,Add or reduce margin for a futures position (requires authentication) — always confirm the amount with the user before calling this tool,,[W] Add or reduce margin for a futures position. Requires auth. State-changing.
cex_futures_update_futures_position_risk_limit,Update the risk limit for a futures position (requires authentication),,[W] Update the risk limit for a futures position. Requires auth. State-changing.
cex_futures_update_futures_price_triggered_order,Update an existing futures price-triggered order (requires authentication) — always confirm the new values with the user before calling this tool,,[W] Update an existing futures price-triggered order. Requires auth. State-changing.
cex_futures_update_trail_order,Update an existing trail order (requires authentication) — always confirm changes with the user before calling this tool,,[W] Update an existing trail order. Requires auth. State-changing.
cex_launch_create_launch_pool_order,Create a launch pool pledge order (requires authentication),,[W] Create a launch pool pledge order. Requires auth. State-changing.
cex_launch_list_launch_pool_pledge_records,List launch pool pledge records (requires authentication),,[R] List launch pool pledge records. Requires auth.
cex_launch_list_launch_pool_projects,List launch pool projects with optional filters,,[R] List launch pool projects with optional filters.
cex_launch_list_launch_pool_reward_records,List launch pool reward records (requires authentication),,[R] List launch pool reward records. Requires auth.
cex_launch_redeem_launch_pool,Redeem a launch pool pledge (requires authentication),,[W] Redeem a launch pool pledge. Requires auth. State-changing.
cex_margin_create_uni_loan,Borrow or repay in uni margin (requires authentication) — always confirm the details with the user before calling this tool,,[W] Borrow or repay in uni margin. Requires auth. State-changing.
cex_margin_get_auto_repay_status,Get auto-repay status for margin loans (requires authentication),,[R] Get auto-repay status for margin loans. Requires auth.
cex_margin_get_margin_transferable,Get the maximum amount transferable for a margin currency (requires authentication),,[R] Get the maximum amount transferable for a margin currency. Requires auth.
cex_margin_get_margin_uni_estimate_rate,Get estimated borrow rates for currencies in uni margin (requires authentication),,[R] Get estimated borrow rates for currencies in uni margin. Requires auth.
cex_margin_get_market_margin_tier,Get margin leverage tiers for a currency pair,,[R] Get margin leverage tiers for a currency pair.
cex_margin_get_uni_borrowable,Get maximum borrowable amount for a currency in uni margin (requires authentication),,[R] Get maximum borrowable amount for a currency in uni margin. Requires auth.
cex_margin_get_uni_currency_pair,Get details of a specific unified margin currency pair,,[R] Get details of a specific unified margin currency pair.
cex_margin_get_user_margin_tier,Get user margin tier details for a currency pair (requires authentication),,[R] Get user margin tier details for a currency pair. Requires auth.
cex_margin_list_cross_margin_loans,List cross-margin borrow history (requires authentication),,[R] List cross-margin borrow history. Requires auth.
cex_margin_list_cross_margin_repayments,List cross-margin repayment history (requires authentication),,[R] List cross-margin repayment history. Requires auth.
cex_margin_list_funding_accounts,List margin funding accounts (requires authentication),,[R] List margin funding accounts. Requires auth.
cex_margin_list_margin_account_book,List margin account balance change history (requires authentication),,[R] List margin account balance change history. Requires auth.
cex_margin_list_margin_accounts,List margin accounts (requires authentication),,[R] List margin accounts. Requires auth.
cex_margin_list_margin_user_account,Get user margin account info (requires authentication),,[R] Get user margin account info. Requires auth.
cex_margin_list_uni_currency_pairs,List all currency pairs supported for unified margin lending,,[R] List all currency pairs supported for unified margin lending.
cex_margin_list_uni_loan_interest_records,List uni margin interest charge records (requires authentication),,[R] List uni margin interest charge records. Requires auth.
cex_margin_list_uni_loan_records,List uni margin borrow/repay history (requires authentication),,[R] List uni margin borrow/repay history. Requires auth.
cex_margin_list_uni_loans,List uni margin borrow/repay records (requires authentication),,[R] List uni margin borrow/repay records. Requires auth.
cex_margin_set_auto_repay,Enable or disable auto-repay for margin loans (requires authentication) — always confirm with the user before calling this tool,,[W] Enable or disable auto-repay for margin loans. Requires auth. State-changing.
cex_margin_set_user_market_leverage,Set leverage for a margin currency pair (requires authentication) — always confirm with the user before calling this tool,,[W] Set leverage for a margin currency pair. Requires auth. State-changing.
cex_multi_collateral_loan_create_multi_collateral,Create a new multi-collateral loan order (requires authentication) — always confirm details with the user before calling this tool,,[W] Create a new multi-collateral loan order. Requires auth. State-changing.
cex_multi_collateral_loan_get_multi_collateral_current_rate,Get current interest rates for specified currencies in multi-collateral loans (public),,[R] Get current interest rates for specified currencies in multi-collateral loans (public).
cex_multi_collateral_loan_get_multi_collateral_fix_rate,Get available fixed interest rates for multi-collateral loans (public),,[R] Get available fixed interest rates for multi-collateral loans (public).
cex_multi_collateral_loan_get_multi_collateral_ltv,Get LTV (Loan-to-Value) ratios for multi-collateral loans (public),,[R] Get LTV (Loan-to-Value) ratios for multi-collateral loans (public).
cex_multi_collateral_loan_get_multi_collateral_order_detail,Get details of a multi-collateral loan order (requires authentication),,[R] Get details of a multi-collateral loan order. Requires auth.
cex_multi_collateral_loan_list_multi_collateral_currencies,List all supported currencies for multi-collateral loans (public),,[R] List all supported currencies for multi-collateral loans (public).
cex_multi_collateral_loan_list_multi_collateral_orders,List multi-collateral loan orders (requires authentication),,[R] List multi-collateral loan orders. Requires auth.
cex_multi_collateral_loan_list_multi_collateral_records,List collateral adjustment records for multi-collateral loans (requires authentication),,[R] List collateral adjustment records for multi-collateral loans. Requires auth.
cex_multi_collateral_loan_list_multi_repay_records,List multi-collateral loan repayment records (requires authentication),,[R] List multi-collateral loan repayment records. Requires auth.
cex_multi_collateral_loan_list_user_currency_quota,Get user quota for a specific currency in multi-collateral loans (requires authentication),,[R] Get user quota for a specific currency in multi-collateral loans. Requires auth.
cex_multi_collateral_loan_operate_multi_collateral,Adjust collateral for a multi-collateral loan (requires authentication) — always confirm with the user before calling this tool,,[W] Adjust collateral for a multi-collateral loan. Requires auth. State-changing.
cex_multi_collateral_loan_repay_multi_collateral_loan,Repay a multi-collateral loan (requires authentication) — always confirm repayment details with the user before calling this tool,,[W] Repay a multi-collateral loan. Requires auth. State-changing.
cex_options_amend_options_order,Amend an open options order (requires authentication) — always confirm the new values with the user before calling this tool,,[W] Amend an open options order. Requires auth. State-changing.
cex_options_cancel_options_order,Cancel an options order (requires authentication) — always confirm with the user before calling this tool,,[W] Cancel an options order. Requires auth. State-changing.
cex_options_cancel_options_orders,Cancel all open options orders matching filters (requires authentication),,[W] Cancel all open options orders matching filters. Requires auth. State-changing.
cex_options_countdown_cancel_all_options,Countdown cancel all options orders — resets on each call; orders cancelled if timeout reached (requires authentication),,[W] Countdown cancel all options orders — resets on each call; orders cancelled if timeout reached. Requires auth. State-changing.
cex_options_create_options_order,Create an options order (requires authentication) — always confirm the details with the user before calling this tool,,[W] Create an options order. Requires auth. State-changing.
cex_options_get_options_contract,Get details of a single options contract,,[R] Get details of a single options contract.
cex_options_get_options_mmp,Get options MMP (Market Maker Protection) settings (requires authentication),,[R] Get options MMP (Market Maker Protection) settings. Requires auth.
cex_options_get_options_order,Get a single options order (requires authentication),,[R] Get a single options order. Requires auth.
cex_options_get_options_position,Get a single options position (requires authentication),,[R] Get a single options position. Requires auth.
cex_options_get_options_settlement,Get a single options settlement record,,[R] Get a single options settlement record.
cex_options_list_my_options_settlements,List personal options settlement history (requires authentication),,[R] List personal options settlement history. Requires auth.
cex_options_list_my_options_trades,List personal options trading history (requires authentication),,[R] List personal options trading history. Requires auth.
cex_options_list_options_account,Get options account balance (requires authentication),,[R] Get options account balance. Requires auth.
cex_options_list_options_account_book,List options account change history (requires authentication),,[R] List options account change history. Requires auth.
cex_options_list_options_candlesticks,Get options candlestick data,,[R] Get options candlestick data.
cex_options_list_options_contracts,List all options contracts for an underlying,,[R] List all options contracts for an underlying.
cex_options_list_options_expirations,List option expiration dates for an underlying,,[R] List option expiration dates for an underlying.
cex_options_list_options_order_book,Get options order book,,[R] Get options order book.
cex_options_list_options_orders,List options orders (requires authentication),,[R] List options orders. Requires auth.
cex_options_list_options_position_close,List options position close history (requires authentication),,[R] List options position close history. Requires auth.
cex_options_list_options_positions,List options positions (requires authentication),,[R] List options positions. Requires auth.
cex_options_list_options_settlements,List options settlement history for an underlying,,[R] List options settlement history for an underlying.
cex_options_list_options_tickers,Get options tickers for an underlying,,[R] Get options tickers for an underlying.
cex_options_list_options_trades,List public options trades,,[R] List public options trades.
cex_options_list_options_underlying_candlesticks,Get candlestick data for an options underlying index,,[R] Get candlestick data for an options underlying index.
cex_options_list_options_underlying_tickers,Get ticker data for all contracts under an underlying,,[R] Get ticker data for all contracts under an underlying.
cex_options_list_options_underlyings,List all options underlying assets,,[R] List all options underlying assets.
cex_options_reset_options_mmp,Reset options MMP — unfreeze the market maker (requires authentication),,[W] Reset options MMP — unfreeze the market maker. Requires auth. State-changing.
cex_options_set_options_mmp,Set options MMP configuration (requires authentication),,[W] Set options MMP configuration. Requires auth. State-changing.
cex_p2p_ads_detail,Get details of a P2P advertisement (requires authentication),,[R] Get details of a P2P advertisement. Requires auth.
cex_p2p_ads_list,List all available P2P advertisements for a given asset and fiat pair (requires authentication),,[R] List all available P2P advertisements for a given asset and fiat pair. Requires auth.
cex_p2p_ads_update_status,Update the status of a P2P advertisement (requires authentication),,[R] Update the status of a P2P advertisement. Requires auth.
cex_p2p_get_chats_list,Get chat messages for a P2P transaction (requires authentication),,[R] Get chat messages for a P2P transaction. Requires auth.
cex_p2p_get_completed_transaction_list,List completed P2P transactions (requires authentication),,[R] List completed P2P transactions. Requires auth.
cex_p2p_get_counterparty_user_info,Get P2P merchant info for a counterparty by their user ID (requires authentication),,[R] Get P2P merchant info for a counterparty by their user ID. Requires auth.
cex_p2p_get_myself_payment,Get available payment methods for the authenticated P2P merchant (requires authentication),,[R] Get available payment methods for the authenticated P2P merchant. Requires auth.
cex_p2p_get_pending_transaction_list,List pending P2P transactions (requires authentication),,[R] List pending P2P transactions. Requires auth.
cex_p2p_get_transaction_details,Get details of a specific P2P transaction (requires authentication),,[R] Get details of a specific P2P transaction. Requires auth.
cex_p2p_get_user_info,Get P2P merchant account info for the authenticated user (requires authentication),,[R] Get P2P merchant account info for the authenticated user. Requires auth.
cex_p2p_my_ads_list,List my own P2P advertisements (requires authentication),,[R] List my own P2P advertisements. Requires auth.
cex_p2p_place_biz_push_order,Place a P2P advertisement order (requires authentication) — always confirm the details with the user before calling this tool,,[R] Place a P2P advertisement order. Requires auth.
cex_p2p_send_chat_message,Send a chat message in a P2P transaction (requires authentication),,[R] Send a chat message in a P2P transaction. Requires auth.
cex_p2p_transaction_cancel,Cancel a P2P transaction (requires authentication) — always confirm with the user before calling this tool,,[R] Cancel a P2P transaction. Requires auth.
cex_p2p_transaction_confirm_payment,Confirm payment for a P2P transaction (requires authentication) — always confirm with the user before calling this tool,,[R] Confirm payment for a P2P transaction. Requires auth.
cex_p2p_transaction_confirm_receipt,Confirm receipt of payment for a P2P transaction (requires authentication) — always confirm with the user before calling this tool,,[R] Confirm receipt of payment for a P2P transaction. Requires auth.
cex_p2p_upload_chat_file,Upload an image file for P2P chat (requires authentication),,[R] Upload an image file for P2P chat. Requires auth.
cex_rebate_broker_commission_history,Get broker rebate commission history (requires authentication),,[R] Get broker rebate commission history. Requires auth.
cex_rebate_broker_transaction_history,Get broker rebate transaction history (requires authentication),,[R] Get broker rebate transaction history. Requires auth.
cex_rebate_get_partner_agent_data_aggregated,Get aggregated partner agent data (requires authentication),,[R] Get aggregated partner agent data. Requires auth.
cex_rebate_get_partner_application_recent,Get most recent partner application status (requires authentication),,[R] Get most recent partner application status. Requires auth.
cex_rebate_get_partner_eligibility,Check partner eligibility status (requires authentication),,[R] Check partner eligibility status. Requires auth.
cex_rebate_partner_commissions_history,Get partner rebate commission history (requires authentication),,[R] Get partner rebate commission history. Requires auth.
cex_rebate_partner_sub_list,Get list of partner sub-users (requires authentication),,[R] Get list of partner sub-users. Requires auth.
cex_rebate_partner_transaction_history,Get partner rebate transaction history (requires authentication),,[R] Get partner rebate transaction history. Requires auth.
cex_rebate_user_info,Get rebate user info (requires authentication),,[R] Get rebate user info. Requires auth.
cex_rebate_user_sub_relation,Query the relationship between users and their referrers (requires authentication),,[R] Query the relationship between users and their referrers. Requires auth.
cex_spot_amend_spot_batch_orders,Amend multiple spot orders in a single request (requires authentication) — always confirm the new values with the user before calling this tool,,[W] Amend multiple spot orders in a single request. Requires auth. State-changing. Single → amend_spot_order.
cex_spot_amend_spot_order,Amend (modify) an open spot order (requires authentication) — always confirm the new values with the user before calling this tool,,[W] Amend (modify) an open spot order. Requires auth. State-changing.
cex_spot_cancel_all_spot_orders,Cancel all open orders for a currency pair (requires authentication) — always confirm with the user before calling this tool,,[W] Cancel all open orders for a currency pair. Requires auth. State-changing.
cex_spot_cancel_spot_batch_orders,Cancel multiple spot orders in a single request (requires authentication) — always confirm with the user before calling this tool,,[W] Cancel multiple spot orders in a single request. Requires auth. State-changing. Single → cancel_spot_order.
cex_spot_cancel_spot_order,Cancel a single spot order (requires authentication) — always confirm with the user before calling this tool,,[W] Cancel a single spot order. Requires auth. State-changing.
cex_spot_cancel_spot_price_triggered_order,Cancel a single price-triggered spot order (requires authentication) — always confirm with the user before calling this tool,,[W] Cancel a single price-triggered spot order. Requires auth. State-changing.
cex_spot_cancel_spot_price_triggered_order_list,Cancel all price-triggered spot orders (requires authentication) — always confirm with the user before calling this tool,,[W] Cancel all price-triggered spot orders. Requires auth. State-changing.
cex_spot_countdown_cancel_all_spot,"Set a countdown timer to cancel all spot orders (safety kill-switch, requires authentication)",,"[W] Set a countdown timer to cancel all spot orders (safety kill-switch, Requires auth). State-changing."
cex_spot_create_cross_liquidate_order,Create a cross-margin liquidation order (requires authentication) — always confirm the details with the user before calling this tool,,[W] Create a cross-margin liquidation order. Requires auth. State-changing.
cex_spot_create_spot_batch_orders,Create multiple spot orders in a single request (requires authentication) — always confirm the details with the user before calling this tool,,[W] Create multiple spot orders in a single request. Requires auth. State-changing. Single → create_spot_order.
cex_spot_create_spot_order,Create a spot order (requires authentication) — always confirm the details with the user before calling this tool,,[W] Create a spot order. Requires auth. State-changing.
cex_spot_create_spot_price_triggered_order,Create a price-triggered (stop) spot order (requires authentication) — always confirm the details with the user before calling this tool,,[W] Create a price-triggered (stop) spot order. Requires auth. State-changing.
cex_spot_get_currency,Get details of a single currency,,[R] Get details of a single currency.
cex_spot_get_currency_pair,Get details of a single currency pair,,[R] Get details of a single currency pair.
cex_spot_get_spot_accounts,List spot account balances (requires authentication),,[R] List spot account balances. Requires auth.
cex_spot_get_spot_batch_fee,Get fee rates for multiple currency pairs at once (requires authentication),,[R] Get fee rates for multiple currency pairs at once. Requires auth. Batch (<=50 pairs). Single → get_spot_fee.
cex_spot_get_spot_candlesticks,Get candlestick/OHLCV data for a currency pair,,[R] Get candlestick/OHLCV data for a currency pair.
cex_spot_get_spot_fee,Query user trading fee rates (requires authentication),,[R] Query user trading fee rates. Requires auth. Single pair. Batch (<=50) → get_spot_batch_fee.
cex_spot_get_spot_insurance_history,Get spot insurance fund history for a currency,,[R] Get spot insurance fund history for a currency.
cex_spot_get_spot_order,Get details of a spot order (requires authentication),,[R] Get details of a spot order. Requires auth.
cex_spot_get_spot_order_book,Get the order book for a currency pair,,[R] Get the order book for a currency pair.
cex_spot_get_spot_price_triggered_order,Get details of a price-triggered spot order (requires authentication),,[R] Get details of a price-triggered spot order. Requires auth.
cex_spot_get_spot_tickers,Get ticker information for one or all currency pairs,,[R] Get ticker information for one or all currency pairs.
cex_spot_get_spot_trades,Get recent trades for a currency pair,,[R] Get recent trades for a currency pair.
cex_spot_list_all_open_orders,List all open orders across all pairs (requires authentication),,[R] List all open orders across all pairs. Requires auth.
cex_spot_list_currencies,List all currencies supported on Gate.com,,[R] List all currencies supported.
cex_spot_list_currency_pairs,List all available spot trading pairs,,[R] List all available spot trading pairs.
cex_spot_list_spot_account_book,Query spot account transaction history (requires authentication),,[R] Query spot account transaction history. Requires auth.
cex_spot_list_spot_my_trades,List personal trading history (requires authentication),,[R] List personal trading history. Requires auth.
cex_spot_list_spot_orders,List spot orders (requires authentication),,[R] List spot orders. Requires auth.
cex_spot_list_spot_price_triggered_orders,List price-triggered (stop) orders (requires authentication),,[R] List price-triggered (stop) orders. Requires auth.
cex_square_list_live_replay,List live stream replays from Gate Square,,[R] List live stream replays from Gate Square.
cex_square_list_square_ai_search,"Search Gate Square content using AI (posts, analysis, signals)",,"[R] Search Gate Square content using AI (posts, analysis, signals)."
cex_sub_account_create_sub_account,Create a new sub-account (requires authentication) — always confirm the details with the user before calling this tool,,[W] Create a new sub-account. Requires auth. State-changing.
cex_sub_account_create_sub_account_key,Create API keys for a sub-account (requires authentication) — always confirm the permissions with the user before calling this tool,,[W] Create API keys for a sub-account. Requires auth. State-changing.
cex_sub_account_delete_sub_account_key,Delete an API key from a sub-account (requires authentication) — always confirm with the user before calling this tool,,[W] Delete an API key from a sub-account. Requires auth. State-changing.
cex_sub_account_get_sub_account,Get details of a sub-account (requires authentication),,[R] Get details of a sub-account. Requires auth.
cex_sub_account_get_sub_account_key,Get details of a specific API key for a sub-account (requires authentication),,[R] Get details of a specific API key for a sub-account. Requires auth.
cex_sub_account_get_sub_account_unified_mode,Get the unified account mode for all sub-accounts (requires authentication),,[R] Get the unified account mode for all sub-accounts. Requires auth.
cex_sub_account_list_sub_account_keys,List API keys for a sub-account (requires authentication),,[R] List API keys for a sub-account. Requires auth.
cex_sub_account_list_sub_accounts,List all sub-accounts (requires authentication),,[R] List all sub-accounts. Requires auth.
cex_sub_account_lock_sub_account,Lock a sub-account to disable login and trading (requires authentication) — always confirm with the user before calling this tool,,[W] Lock a sub-account to disable login and trading. Requires auth. State-changing.
cex_sub_account_unlock_sub_account,Unlock a previously locked sub-account (requires authentication) — always confirm with the user before calling this tool,,[W] Unlock a previously locked sub-account. Requires auth. State-changing.
cex_sub_account_update_sub_account_key,Update an API key for a sub-account (requires authentication) — always confirm changes with the user before calling this tool,,[W] Update an API key for a sub-account. Requires auth. State-changing.
cex_trad_fi_close_position,Close a TradFi position (requires authentication) — always confirm with the user before calling this tool,,[W] Close a TradFi position. Requires auth. State-changing.
cex_trad_fi_create_tradfi_order,Create a TradFi order (requires authentication) — always confirm the details with the user before calling this tool,,[W] Create a TradFi order. Requires auth. State-changing.
cex_trad_fi_create_transaction,Create a TradFi deposit or withdrawal transaction (requires authentication) — always confirm with the user before calling this tool,,[W] Create a TradFi deposit or withdrawal transaction. Requires auth. State-changing.
cex_trad_fi_delete_order,Cancel/delete an open TradFi order (requires authentication) — always confirm with the user before calling this tool,,[W] Cancel/delete an open TradFi order. Requires auth. State-changing.
cex_trad_fi_query_categories,List all TradFi instrument categories,,[R] List all TradFi instrument categories.
cex_trad_fi_query_mt5_account_info,Get MT5 account information (requires authentication),,[R] Get MT5 account information. Requires auth.
cex_trad_fi_query_order_history_list,List TradFi order history (requires authentication),,[R] List TradFi order history. Requires auth.
cex_trad_fi_query_order_list,List open TradFi orders (requires authentication),,[R] List open TradFi orders. Requires auth.
cex_trad_fi_query_position_history_list,List TradFi position history (requires authentication),,[R] List TradFi position history. Requires auth.
cex_trad_fi_query_position_list,List open TradFi positions (requires authentication),,[R] List open TradFi positions. Requires auth.
cex_trad_fi_query_symbol_detail,Get contract/instrument details for a TradFi symbol (requires authentication),,[R] Get contract/instrument details for a TradFi symbol. Requires auth.
cex_trad_fi_query_symbol_kline,Get kline/OHLCV data for a TradFi symbol,,[R] Get kline/OHLCV data for a TradFi symbol.
cex_trad_fi_query_symbol_ticker,Get latest ticker for a TradFi symbol,,[R] Get latest ticker for a TradFi symbol.
cex_trad_fi_query_symbols,List all available TradFi trading symbols,,[R] List all available TradFi trading symbols.
cex_trad_fi_query_transaction,List TradFi account transaction history (requires authentication),,[R] List TradFi account transaction history. Requires auth.
cex_trad_fi_query_user_assets,Get TradFi account asset balances (requires authentication),,[R] Get TradFi account asset balances. Requires auth.
cex_trad_fi_update_order,Update an open TradFi order (requires authentication) — always confirm the new values with the user before calling this tool,,[W] Update an open TradFi order. Requires auth. State-changing.
cex_trad_fi_update_position,Update take-profit or stop-loss for a TradFi position (requires authentication) — always confirm with the user before calling this tool,,[W] Update take-profit or stop-loss for a TradFi position. Requires auth. State-changing.
cex_unified_calculate_portfolio_margin,Calculate portfolio margin for hypothetical positions (requires authentication),,[W] Calculate portfolio margin for hypothetical positions. Requires auth. State-changing.
cex_unified_create_unified_loan,Borrow or repay in unified account (requires authentication) — always confirm the details with the user before calling this tool,,[W] Borrow or repay in unified account. Requires auth. State-changing.
cex_unified_get_history_loan_rate,Get historical loan rates for a currency (requires authentication),,[R] Get historical loan rates for a currency. Requires auth.
cex_unified_get_unified_accounts,Get unified account balances and info (requires authentication),,[R] Get unified account balances and info. Requires auth.
cex_unified_get_unified_borrowable,Get maximum borrowable amount for a currency in unified account (requires authentication),,[R] Get maximum borrowable amount for a currency in unified account. Requires auth.
cex_unified_get_unified_borrowable_list,Get borrowable amounts for a list of currencies in unified account (requires authentication),,[R] Get borrowable amounts for a list of currencies in unified account. Requires auth.
cex_unified_get_unified_estimate_rate,Get estimated borrow interest rates for currencies (requires authentication),,[R] Get estimated borrow interest rates for currencies. Requires auth.
cex_unified_get_unified_mode,Get current unified account mode (requires authentication),,[R] Get current unified account mode. Requires auth.
cex_unified_get_unified_risk_units,Get risk unit details for portfolio margin mode (requires authentication),,[R] Get risk unit details for portfolio margin mode. Requires auth.
cex_unified_get_unified_transferable,Get maximum transferable amount for a currency in unified account (requires authentication),,[R] Get maximum transferable amount for a currency in unified account. Requires auth.
cex_unified_get_unified_transferables,Get transferable amounts for specified currencies in unified account (requires authentication),,[R] Get transferable amounts for specified currencies in unified account. Requires auth.
cex_unified_get_user_leverage_currency_config,Get leverage configuration for a specific currency (requires authentication),,[R] Get leverage configuration for a specific currency. Requires auth.
cex_unified_get_user_leverage_currency_setting,Get leverage settings for currencies in unified account (requires authentication),,[R] Get leverage settings for currencies in unified account. Requires auth.
cex_unified_list_currency_discount_tiers,List currency discount tiers for unified account collateral,,[R] List currency discount tiers for unified account collateral.
cex_unified_list_loan_margin_tiers,List loan margin tiers for unified account,,[R] List loan margin tiers for unified account.
cex_unified_list_unified_currencies,List currencies supported in unified account (requires authentication),,[R] List currencies supported in unified account. Requires auth.
cex_unified_list_unified_loan_interest_records,Get interest charge history in unified account (requires authentication),,[R] Get interest charge history in unified account. Requires auth.
cex_unified_list_unified_loan_records,Get borrow/repay history in unified account (requires authentication),,[R] Get borrow/repay history in unified account. Requires auth.
cex_unified_list_unified_loans,List active loans in unified account (requires authentication),,[R] List active loans in unified account. Requires auth.
cex_unified_set_unified_collateral,Set collateral currencies for unified account (requires authentication) — always confirm with the user before calling this tool,,[W] Set collateral currencies for unified account. Requires auth. State-changing.
cex_unified_set_unified_mode,Switch unified account mode (requires authentication) — always confirm with the user before calling this tool,,[W] Switch unified account mode. Requires auth. State-changing.
cex_unified_set_user_leverage_currency_setting,Set leverage for a currency in unified account (requires authentication) — always confirm with the user before calling this tool,,[W] Set leverage for a currency in unified account. Requires auth. State-changing.
cex_wallet_convert_small_balance,Convert small balances (dust) to GT (requires authentication) — always confirm the currencies to convert with the user before calling this tool,,[W] Convert small balances (dust) to GT. Requires auth. State-changing.
cex_wallet_create_sub_account_to_sub_account_transfer,Transfer between two sub-accounts under the same main account (requires authentication) — always confirm the amount with the user before calling this tool,,[R] Transfer between two sub-accounts under the same main account. Requires auth.
cex_wallet_create_sub_account_transfer,Transfer between main account and sub-account (requires authentication) — always confirm the amount with the user before calling this tool,,[R] Transfer between main account and sub-account. Requires auth.
cex_wallet_create_transfer,"Transfer funds between accounts (requires authentication) — always confirm the amount, source, and destination with the user before calling this tool",,[R] Transfer funds between accounts. Requires auth.
cex_wallet_get_deposit_address,Get deposit address for a currency (requires authentication),,[R] Get deposit address for a currency. Requires auth.
cex_wallet_get_low_cap_exchange_list,Get list of low market cap currencies available for exchange (requires authentication),,[R] Get list of low market cap currencies available for exchange. Requires auth.
cex_wallet_get_total_balance,Get total account balance across all wallets (requires authentication),,[R] Get total account balance across all wallets. Requires auth.
cex_wallet_get_transfer_order_status,Query main-sub account transfer status (requires authentication),,[R] Query main-sub account transfer status. Requires auth.
cex_wallet_get_wallet_fee,Get trading fee rates (requires authentication),,[R] Get trading fee rates. Requires auth.
cex_wallet_list_currency_chains,List chains supported for a currency,,[R] List chains supported for a currency.
cex_wallet_list_deposits,List deposit history (requires authentication),,[R] List deposit history. Requires auth.
cex_wallet_list_push_orders,List UID transfer (push) orders (requires authentication),,[R] List UID transfer (push) orders. Requires auth.
cex_wallet_list_saved_address,List saved withdrawal addresses for a currency (requires authentication),,[R] List saved withdrawal addresses for a currency. Requires auth.
cex_wallet_list_small_balance,List currencies with small (dust) balances eligible for conversion (requires authentication),,[R] List currencies with small (dust) balances eligible for conversion. Requires auth.
cex_wallet_list_small_balance_history,List small balance conversion history (requires authentication),,[R] List small balance conversion history. Requires auth.
cex_wallet_list_sub_account_balances,List sub-account balances (requires authentication),,[R] List sub-account balances. Requires auth.
cex_wallet_list_sub_account_cross_margin_balances,Query sub-account cross-margin account balances (requires authentication),,[R] Query sub-account cross-margin account balances. Requires auth.
cex_wallet_list_sub_account_futures_balances,Query sub-account futures account balances (requires authentication),,[R] Query sub-account futures account balances. Requires auth.
cex_wallet_list_sub_account_margin_balances,Query sub-account margin account balances (requires authentication),,[R] Query sub-account margin account balances. Requires auth.
cex_wallet_list_sub_account_transfers,List transfer records between main account and sub-accounts (requires authentication),,[R] List transfer records between main account and sub-accounts. Requires auth.
cex_wallet_list_withdraw_status,Get withdrawal status for all currencies (requires authentication),,[R] Get withdrawal status for all currencies. Requires auth.
cex_wallet_list_withdrawals,List withdrawal history (requires authentication),,[R] List withdrawal history. Requires auth.
cex_welfare_get_beginner_task_list,Get beginner task list and completion status (requires authentication),,[R] Get beginner task list and completion status. Requires auth.
cex_welfare_get_user_identity,Get user identity and welfare eligibility status (requires authentication),,[R] Get user identity and welfare eligibility status. Requires auth.
